{
  "Title": "BO6 - Warzone",
  "ImageUrl": "https://www.lendagames.com/wp-content/uploads/2024/10/ASSET-COD-BLACK-OPS-6-IMG-BANNER-NEW.jpg",
  "CustomCurve": [
    {
      "X": 0,
      "Y": 200
    },
    {
      "X": 100,
      "Y": 134
    },
    {
      "X": 200,
      "Y": 70
    },
    {
      "X": 300,
      "Y": 0
    }
  ],
  "HorizontalSensitivity": 350,
  "VerticalSensitivity": 350,
  "Deadzone": 225,
  "DeadzoneMin": 0,
  "MouseFilterChecked": true,
  "EnableTray": false,
  "EnableNotifications": false,
  "EnableCustomCurve": false,
  "InputBlocker": false,
  "KeyTriggerMappings": {
    "RightTrigger": [
      "LeftButton"
    ],
    "LeftTrigger": [
      "RightButton"
    ]
  },
  "KeyMappings": {
    "A": [
      "Space"
    ],
    "X": [
      "F",
      "R"
    ],
    "Y": [
      "One",
      "Two",
      "ScrollUp",
      "ScrollDown"
    ],
    "B": [
      "C"
    ],
    "RightShoulder": [
      "E",
      "X"
    ],
    "RightThumb": [
      "V"
    ],
    "LeftShoulder": [
      "Q",
      "X"
    ],
    "LeftThumb": [
      "LeftShift"
    ],
    "Start": [
      "Escape"
    ],
    "Back": [
      "M"
    ]
  },
  "KeyDirectionMappings": {
    "Up": [
      "MiddleButton"
    ],
    "Down": [
      "Tab"
    ],
    "Left": [
      "B"
    ],
    "Right": [
      "Three"
    ]
  },
  "KeyFunctionsMappings": {
    "EnableDisable": [
      "Insert"
    ]
  },
  "KeyL3Mappings": {
    "LUp": [
      "W"
    ],
    "LLeft": [
      "A"
    ],
    "LRight": [
      "D"
    ],
    "LDown": [
      "S"
    ]
  },
  "KeyR3Mappings": {
    "RUp": [
      "Up"
    ],
    "RLeft": [
      "Numpad4"
    ],
    "RRight": [
      "Numpad6"
    ],
    "RDown": [
      "Down"
    ]
  },
  "Macros": [
    {
      "Name": "SILENT_AIM",
      "Key": "Insert",
      "Script": "LOOP(SILENT) IF(R3_Y_CLEAR,TRUE) SET(JRY,-2000) WAIT(15) IF(R3_Y_CLEAR,TRUE) SET(JRY,2000) WAIT(10)",
      "IsEnabled": true,
      "isHidden": false
    },
    {
      "Name": "ROTATIONAL_RIGHT",
      "Key": "RightButton",
      "Script": "LOOP(ROT_RIGHT) IF(L3_CLEAR,TRUE) SET(JLX,20688) WAIT(5) IF(L3_CLEAR,TRUE) SET(JLX,-20689) WAIT(5) / !LOOP(ROT_RIGHT) IF(L3_CLEAR,TRUE) SET(JLX,0)",
      "IsEnabled": false,
      "isHidden": false
    },
    {
      "Name": "ROTATIONAL_LEFT",
      "Key": "LeftButton",
      "Script": "LOOP(ROT_LEFT) IF(L3_CLEAR,TRUE) SET(JLX,20688) WAIT(5) IF(L3_CLEAR,TRUE) SET(JLX,-20689) WAIT(5) / !LOOP(ROT_LEFT) IF(L3_CLEAR,TRUE) SET(JLX,0)",
      "IsEnabled": false,
      "isHidden": false
    },
    {
      "Name": "AIM_COLOR",
      "Key": "RightButton",
      "Script": "AIM_COLOR(TRUE) VAR(IS_AIMING,TRUE) COLOR(D720CD) FOV(250) SMOOTH(8) TOLERANCE(70) POS_X(0) POS_Y(0) / AIM_COLOR(FALSE)",
      "IsEnabled": false,
      "isHidden": false
    },
    {
      "Name": "ANTI_RECOIL",
      "Key": "LeftButton",
      "Script": "ANTI_RECOIL(10) LOOP(RECOIL) SET(JRY,-3000) WAIT(5) / !LOOP(RECOIL) SET(JRY,0)",
      "IsEnabled": false,
      "isHidden": false
    },
    {
      "Name": "WASD_PARACHUTE",
      "Key": "Alt",
      "Script": "INVERTED_AXIS(TRUE) / INVERTED_AXIS(FALSE)",
      "IsEnabled": false,
      "isHidden": false
    },
    {
      "Name": "PARACHUTE",
      "Key": "Alt",
      "Script": "MULTIPLIER(100) HIGH_SENSE(TRUE) / HIGH_SENSE(FALSE)",
      "IsEnabled": true,
      "isHidden": false
    },
    {
      "Name": "RAPIDFIRE",
      "Key": "LeftButton",
      "Script": "LOOP(RPF) SET(RT,255) WAIT(10) SET(RT,0) WAIT(10) / !LOOP(RPF)",
      "IsEnabled": false,
      "isHidden": false
    },
    {
      "Name": "TOOGLE_RAPID_FIRE",
      "Key": "F7",
      "Script": "TOOGLE(RAPIDFIRE)",
      "IsEnabled": true,
      "isHidden": false
    },
    {
      "Name": "AUTO_PING",
      "Key": "LeftButton",
      "Script": "LOOP(AUTOPING) DOWN(UP) WAIT(100) UP(UP) WAIT(1000) / !LOOP(AUTOPING)",
      "IsEnabled": false,
      "isHidden": false
    },
    {
      "Name": "TOOGLE_AUTO_PING",
      "Key": "F6",
      "Script": "TOOGLE(AUTO_PING)",
      "IsEnabled": true,
      "isHidden": false
    },
    {
      "Name": "AUTO_PRESS_R",
      "Key": "R",
      "Script": "DOWN(X) / DOWN(X) WAIT(500) UP(X)",
      "IsEnabled": true,
      "isHidden": false
    },
    {
      "Name": "AUTO_PRESS_Four",
      "Key": "Four",
      "Script": "DOWN(Y) / DOWN(Y) WAIT(500) UP(Y)",
      "IsEnabled": true,
      "isHidden": false
    },
    {
      "Name": "AUTO_PRESS_G",
      "Key": "G",
      "Script": "DOWN(Y) / DOWN(Y) WAIT(500) UP(Y)",
      "IsEnabled": true,
      "isHidden": false
    },
    {
      "Name": "AUTO_PRESS_Control",
      "Key": "Control",
      "Script": "DOWN(B) / DOWN(B) WAIT(500) UP(B)",
      "IsEnabled": true,
      "isHidden": false
    },
    {
      "Name": "REMOVE_ALL_PINGS",
      "Key": "ExtraButton1",
      "Script": "DOWN(BACK) WAIT(10) UP(BACK) WAIT(50) DOWN(R) WAIT(10) UP(R) WAIT(50) DOWN(BACK) WAIT(10) UP(BACK)",
      "IsEnabled": false,
      "isHidden": false
    },
    {
      "Name": "RESET_ALL",
      "Key": "Insert",
      "Script": "RESET_CONTROLLER(TRUE) RESET_KEYBOARD(TRUE) RESET_MOUSE(TRUE)",
      "IsEnabled": true,
      "isHidden": true
    }
  ]
}