{
  "SelectedControllerIndex": -1,
  "Title": "Controller",
  "ImageUrl": "https://i.ibb.co/s9ghhLZ6/image.png",
  "ControllerType": "XBOX",
  "CustomCurve": [
    {
      "X": 0,
      "Y": 200
    },
    {
      "X": 100,
      "Y": 134
    },
    {
      "X": 200,
      "Y": 70
    },
    {
      "X": 300,
      "Y": 0
    }
  ],
  "HorizontalSensitivity": 350,
  "VerticalSensitivity": 350,
  "Deadzone": 225,
  "DeadzoneMin": 0,
  "MouseFilterChecked": true,
  "EnableTray": false,
  "EnableNotifications": false,
  "EnableHidHide": false,
  "EnableCustomCurve": false,
  "InputBlocker": false,
  "KeyTriggerMappings": {
    "RightTrigger": [
      "ButtonRightTrigger"
    ],
    "LeftTrigger": [
      "ButtonLeftTrigger"
    ]
  },
  "KeyMappings": {
    "A": [
      "ButtonA",
      "Button1"
    ],
    "X": [
      "ButtonX",
      "Button0"
    ],
    "Y": [
      "ButtonY",
      "Button3"
    ],
    "B": [
      "ButtonB",
      "Button2"
    ],
    "RightShoulder": [
      "ButtonRightShoulder",
      "Button5"
    ],
    "RightThumb": [
      "ButtonRightThumb",
      "Button11"
    ],
    "LeftShoulder": [
      "ButtonLeftShoulder",
      "Button4"
    ],
    "LeftThumb": [
      "LeftShift",
      "Button10"
    ],
    "Start": [
      "ButtonStart",
      "Button9"
    ],
    "Back": [
      "ButtonBack",
      "Button13"
    ]
  },
  "KeyDirectionMappings": {
    "Up": [
      "ButtonDPadUp",
      "DPadUp"
    ],
    "Down": [
      "ButtonDPadDown",
      "DPadDown"
    ],
    "Left": [
      "ButtonDPadLeft",
      "DPadLeft"
    ],
    "Right": [
      "ButtonDPadRight",
      "DPadRight"
    ]
  },
  "KeyFunctionsMappings": {
    "EnableDisable": [
      "ButtonBack",
      "Button13"
    ]
  },
  "KeyL3Mappings": {
    "LUp": [],
    "LLeft": [],
    "LRight": [],
    "LDown": []
  },
  "KeyR3Mappings": {
    "RUp": [],
    "RLeft": [],
    "RRight": [],
    "RDown": []
  },
  "Macros": [
    {
      "Name": "SILENT_AIM",
      "Key": "ButtonBack",
      "Script": "LOOP(SILENT) IF(R3_Y_CLEAR,TRUE) SET(JRY,-2000) WAIT(15) IF(R3_Y_CLEAR,TRUE) SET(JRY,2000) WAIT(10)",
      "IsEnabled": true,
      "isHidden": false
    },
    {
      "Name": "ROTATIONAL_RIGHT",
      "Key": "ButtonRightTrigger",
      "Script": "LOOP(ROT_RIGHT) IF(L3_CLEAR,TRUE) SET(JLX,20688) WAIT(5) IF(L3_CLEAR,TRUE) SET(JLX,-20689) WAIT(5) / !LOOP(ROT_RIGHT) IF(L3_CLEAR,TRUE) SET(JLX,0)",
      "IsEnabled": false,
      "isHidden": false
    },
    {
      "Name": "ROTATIONAL_LEFT",
      "Key": "ButtonLeftTrigger",
      "Script": "LOOP(ROT_LEFT) IF(L3_CLEAR,TRUE) SET(JLX,20688) WAIT(5) IF(L3_CLEAR,TRUE) SET(JLX,-20689) WAIT(5) / !LOOP(ROT_LEFT) IF(L3_CLEAR,TRUE) SET(JLX,0)",
      "IsEnabled": false,
      "isHidden": false
    },
    {
      "Name": "AIM_COLOR",
      "Key": "ButtonLeftTrigger",
      "Script": "AIM_COLOR(TRUE) VAR(IS_AIMING,TRUE) COLOR(D720CD) FOV(200) SMOOTH(7) TOLERANCE(70) POS_X(0) POS_Y(0) / AIM_COLOR(FALSE)",
      "IsEnabled": false,
      "isHidden": false
    },
    {
      "Name": "ANTI_RECOIL",
      "Key": "ButtonRightTrigger",
      "Script": "LOOP(RECOIL) IF(R3_Y_CLEAR_POSITIVE,TRUE) SET(JRY,-3000) WAIT(5) / !LOOP(RECOIL) SET(JRY,0)",
      "IsEnabled": false,
      "isHidden": false
    },
    {
      "Name": "RAPIDFIRE",
      "Key": "ButtonRightTrigger",
      "Script": "LOOP(RPF) SET(RT,255) WAIT(10) SET(RT,0) WAIT(10) / !LOOP(RPF)",
      "IsEnabled": false,
      "isHidden": false
    },
    {
      "Name": "TOOGLE_RAPID_FIRE",
      "Key": "F7",
      "Script": "TOOGLE(RAPIDFIRE)",
      "IsEnabled": true,
      "isHidden": false
    },
    {
      "Name": "AUTO_PING",
      "Key": "ButtonRightTrigger",
      "Script": "LOOP(AUTOPING) DOWN(UP) WAIT(100) UP(UP) WAIT(1000) / !LOOP(AUTOPING)",
      "IsEnabled": false,
      "isHidden": false
    },
    {
      "Name": "RESET_ALL",
      "Key": "ButtonBack",
      "Script": "RESET_CONTROLLER(TRUE) RESET_KEYBOARD(TRUE) RESET_MOUSE(TRUE)",
      "IsEnabled": true,
      "isHidden": true
    },
    {
      "Name": "TOOGLE_AUTO_PING",
      "Key": "F6",
      "Script": "TOOGLE(AUTO_PING)",
      "IsEnabled": true,
      "isHidden": false
    }
  ]
}