{
  "SelectedControllerIndex": 1,
  "Title": "DualSense-DualShock",
  "ImageUrl": "https://wallpapercave.com/wp/wp9697681.jpg",
  "ControllerType": "XBOX",
  "CustomCurve": [
    {
      "X": 0,
      "Y": 200
    },
    {
      "X": 100,
      "Y": 134
    },
    {
      "X": 200,
      "Y": 70
    },
    {
      "X": 300,
      "Y": 0
    }
  ],
  "HorizontalSensitivity": 350,
  "VerticalSensitivity": 350,
  "Deadzone": 225,
  "DeadzoneMin": 0,
  "MouseFilterChecked": true,
  "EnableTray": false,
  "EnableNotifications": false,
  "EnableHidHide": true,
  "EnableCustomCurve": false,
  "InputBlocker": false,
  "KeyTriggerMappings": {
    "RightTrigger": [
      "ButtonLeftTrigger"
    ],
    "LeftTrigger": [
      "ButtonRightTrigger"
    ]
  },
  "KeyMappings": {
    "A": [
      "Button1"
    ],
    "X": [
      "Button0"
    ],
    "Y": [
      "Button3"
    ],
    "B": [
      "Button2"
    ],
    "RightShoulder": [
      "Button5"
    ],
    "RightThumb": [
      "Button11"
    ],
    "LeftShoulder": [
      "Button4"
    ],
    "LeftThumb": [
      "Button10"
    ],
    "Start": [
      "Button9"
    ],
    "Back": [
      "Button13"
    ]
  },
  "KeyDirectionMappings": {
    "Up": [
      "DPadUp"
    ],
    "Down": [
      "DPadDown"
    ],
    "Left": [
      "DPadLeft"
    ],
    "Right": [
      "DPadRight"
    ]
  },
  "KeyFunctionsMappings": {
    "EnableDisable": ["_"]
  },
  "KeyL3Mappings": {
    "LUp": [],
    "LLeft": [],
    "LRight": [],
    "LDown": []
  },
  "KeyR3Mappings": {
    "RUp": [],
    "RLeft": [],
    "RRight": [],
    "RDown": []
  },
  "Macros": [
    {
      "Name": "DRIFT_AIM_ASSIST",
      "Key": "ButtonLeftTrigger",
      "Script": "LOOP(SILENT) IF(R3_Y_CLEAR,TRUE) SET(JRY,-2000) WAIT(15) IF(R3_Y_CLEAR,TRUE) SET(JRY,2000) WAIT(10)",
      "IsEnabled": true,
      "isHidden": false
    }, 
	 {
      "Name": "ROTATIONAL_AIM_ASSIST",
      "Key": "ButtonRightTrigger",
      "Script": "LOOP(ROTATIONAL) IF(L3_X_CLEAR,TRUE) SET(JLX,20688) WAIT(5) IF(L3_X_CLEAR,TRUE) SET(JLX,-20689) WAIT(5) / !LOOP(ROTATIONAL) IF(L3_X_CLEAR,TRUE) SET(JLX,0)",
      "IsEnabled": true,
      "isHidden": false
    },
    {
      "Name": "AIM_COLOR",
      "Key": "ButtonLeftTrigger",
      "Script": "AIM_COLOR(TRUE) VAR(IS_AIMING,TRUE) COLOR(D720CD) FOV(200) SMOOTH(10) TOLERANCE(70) POS_X(3) POS_Y(-12) / AIM_COLOR(FALSE)",
      "IsEnabled": false,
      "isHidden": false
    },
    {
      "Name": "ANTI_RECOIL",
      "Key": "ButtonRightTrigger",
      "Script": "LOOP(RECOIL) IF(R3_Y_CLEAR_POSITIVE,TRUE) SET(JRY,-5000) WAIT(5) / !LOOP(RECOIL) SET(JRY,0)",
      "IsEnabled": true,
      "isHidden": false
    },
    {
      "Name": "RAPIDFIRE",
      "Key": "ButtonRightTrigger",
      "Script": "LOOP(RPF) SET(RT,255) WAIT(10) SET(RT,0) WAIT(10) / !LOOP(RPF)",
      "IsEnabled": false,
      "isHidden": false
    },
    {
      "Name": "AUTO_PING",
      "Key": "ButtonRightTrigger",
      "Script": "LOOP(AUTOPING) DOWN(UP) WAIT(100) UP(UP) WAIT(1000) / !LOOP(AUTOPING)",
      "IsEnabled": true,
      "isHidden": false
    },
    {
      "Name": "RESET_ALL",
      "Key": "ButtonBack",
      "Script": "RESET_CONTROLLER(TRUE) RESET_KEYBOARD(TRUE) RESET_MOUSE(TRUE)",
      "IsEnabled": true,
      "isHidden": true
    },
    {
      "Name": "DISABLE_SILENT_AIM",
      "Key": "Button9",
      "Script": "WAIT(10) !LOOP(SILENT) / SET(JRY,0)  !LOOP(SILENT)",
      "IsEnabled": true,
      "isHidden": false
    }
  ]
}