{
  "Title": "Fortnite v3.0",
  "ImageUrl": "https://assetsio.gnwcdn.com/fortnite_supply_llama.jpg?width=1200\u0026height=1200\u0026fit=bounds\u0026quality=70\u0026format=jpg\u0026auto=webp",
  "CustomCurve": [
    {
      "X": 0,
      "Y": 200
    },
    {
      "X": 100,
      "Y": 134
    },
    {
      "X": 200,
      "Y": 70
    },
    {
      "X": 300,
      "Y": 0
    }
  ],
  "HorizontalSensitivity": 400,
  "VerticalSensitivity": 400,
  "Deadzone": 250,
  "DeadzoneMin": 0,
  "MouseFilterChecked": true,
  "EnableTray": false,
  "EnableNotifications": true,
  "EnableCustomCurve": false,
  "InputBlocker": false,
  "KeyTriggerMappings": {
    "RightTrigger": [
      "LeftButton"
    ],
    "LeftTrigger": [
      "RightButton"
    ]
  },
  "KeyMappings": {
    "A": [],
    "X": [
      "R"
    ],
    "Y": [],
    "B": [],
    "RightShoulder": [
      "ScrollDown",
      "ExtraButton1"
    ],
    "RightThumb": [],
    "LeftShoulder": [
      "ScrollUp",
      "ExtraButton2"
    ],
    "LeftThumb": [],
    "Start": [],
    "Back": []
  },
  "KeyDirectionMappings": {
    "Up": [],
    "Down": [],
    "Left": [
      "MiddleButton"
    ],
    "Right": []
  },
  "KeyFunctionsMappings": {
    "EnableDisable": [
      "Insert"
    ]
  },
  "KeyL3Mappings": {
    "LUp": [],
    "LLeft": [],
    "LRight": [],
    "LDown": []
  },
  "KeyR3Mappings": {
    "RUp": [],
    "RLeft": [],
    "RRight": [],
    "RDown": []
  },
  "Macros": [
    {
      "Name": "USE_CONTROLLER_FORTNITE",
      "Key": "CapsLock",
      "Script": "DISABLE_CONTROLLER(FALSE) / DISABLE_CONTROLLER(TRUE) SET(JRY,0) SET(JRX,0)  SET(JLY,0) SET(JLX,0) ",
      "IsEnabled": true,
      "isHidden": false
    },
    {
      "Name": "AIM_ASSIST",
      "Key": "CapsLock",
      "Script": "LOOP(ROTATIONAL1) SET(JLX,20000) WAIT(40) SET(JLX,-20000) WAIT(40) / !LOOP(ROTATIONAL1) SET(JLX,0)",
      "IsEnabled": true,
      "isHidden": false
    },
    {
      "Name": "ANTI_RECOIL",
      "Key": "LeftButton",
      "Script": "ANTI_RECOIL(12)",
      "IsEnabled": true,
      "isHidden": false
    },
    {
      "Name": "DISABLE_CONTROLLER_ON_START",
      "Key": "Insert",
      "Script": "DISABLE_CONTROLLER(TRUE)",
      "IsEnabled": true,
      "isHidden": false
    },
    {
      "Name": "AIMING",
      "Key": "RightButton",
      "Script": "VAR(AIMING,TRUE) / VAR(AIMING,FALSE)",
      "IsEnabled": true,
      "isHidden": true
    },
    {
      "Name": "SHOOTING",
      "Key": "LeftButton",
      "Script": "VAR(SHOOTING,TRUE) / VAR(SHOOTING,FALSE)",
      "IsEnabled": true,
      "isHidden": true
    },
    {
      "Name": "MIDDLE",
      "Key": "MiddleButton",
      "Script": "VAR(MIDDLE_MOUSE,TRUE) / VAR(MIDDLE_MOUSE,FALSE)",
      "IsEnabled": true,
      "isHidden": true
    },
    {
      "Name": "RESET",
      "Key": "Escape",
      "Script": "RESET_CONTROLLER(TRUE) RESET_KEYBOARD(TRUE) RESET_MOUSE(TRUE)",
      "IsEnabled": true,
      "isHidden": true
    }
  ]
}