{
  "Title": "Fortnite",
  "ImageUrl": "https://cdn2.unrealengine.com/c5s3-download-keyart-1920x1080-f10cd00cc9ad.jpg",
  "ControllerType": "360",
  "AnimatedBackground": false,
  "CrosshairPath": "M25.4108 24.5892V1.23955e-06H24.5886V24.5892H0V25.4114H24.5886V50H25.4108V25.4114H50V24.5892H25.4108Z",
  "CrosshairEnabled": false,
  "CrosshairSize": 50,
  "CrosshairColor": "#57FA37",
  "HorizontalSensitivity": 400,
  "VerticalSensitivity": 400,
  "AntiRecoil": 0,
  "Deadzone": 220,
  "DeadzoneMin": 0,
  "SensiMultiplier": 100,
  "BuffedAimChecked": true,
  "BuffedAimHipfireChecked": false,
  "AutoPingChecked": false,
  "MouseFilterChecked": true,
  "RapidFireChecked": false,
  "RapidFireInterval": 10,
  "AutoPingInterval": 1000,
  "AutoStrafeInterval": 10,
  "AutoStrafePower": 172,
  "EnableOverlay": false,
  "EnableTray": false,
  "InputBlocker": false,
  "KeyTriggerMappings": {
    "RightTrigger": [
      "LeftButton"
    ],
    "LeftTrigger": [
      "RightButton"
    ]
  },
  "KeyMappings": {
    "A": [
      "Space"
    ],
    "X": [
      "R"
    ],
    "Y": [],
    "B": [
      "C"
    ],
    "RightShoulder": [
      "ScrollDown",
      "ExtraButton1"
    ],
    "RightThumb": [],
    "LeftShoulder": [
      "ScrollUp",
      "ExtraButton2"
    ],
    "LeftThumb": [
      "LeftShift"
    ],
    "Start": [],
    "Back": []
  },
  "KeyDirectionMappings": {
    "Up": [],
    "Down": [],
    "Left": [
      "MiddleButton"
    ],
    "Right": []
  },
  "KeyFunctionsMappings": {
    "EnableDisable": [
      "Insert"
    ],
    "HighSense": [],
    "AutoPressAndRelease": [],
    "AutoPing": [],
    "RapidFire": [],
    "\u0093.\u0089\u0097": [
      "F6"
    ],
    "StrafeKeys": []
  },
  "KeyL3Mappings": {
    "LUp": [
      "W"
    ],
    "LLeft": [
      "A"
    ],
    "LRight": [
      "D"
    ],
    "LDown": [
      "S"
    ]
  },
  "KeyR3Mappings": {
    "RUp": [],
    "RLeft": [],
    "RRight": [],
    "RDown": []
  },
  "Macros": [
    {
      "Name": "ROTATIONAL_AIM_RIGHT",
      "Key": "RightButton",
      "Script": "LOOP(SILENT) IF(L3_X_CLEAR,TRUE) SET(JLX,20000) WAIT(40) IF(L3_X_CLEAR,TRUE) SET(JLX,-20000) WAIT(40) / !LOOP(SILENT) SET(JLX,0)",
      "IsEnabled": true
    },
    {
      "Name": "ROTATIONAL_AIM_LEFT",
      "Key": "LeftButton",
      "Script": "LOOP(SILENT) IF(L3_X_CLEAR,TRUE) SET(JLX,20000) WAIT(40) IF(L3_X_CLEAR,TRUE) SET(JLX,-20000) WAIT(40) / !LOOP(SILENT) SET(JLX,0)",
      "IsEnabled": true
    },
    {
      "Name": "ANTI_RECOIL",
      "Key": "LeftButton",
      "Script": "ANTI_RECOIL(12)",
      "IsEnabled": true
    },
    {
      "Name": "RESET_ALL ",
      "Key": "Delete",
      "Script": "RESET_CONTROLLER(TRUE) RESET_KEYBOARD(TRUE)",
      "IsEnabled": true
    }
  ]
}