{
  "Title": "Fortnite",
  "ImageUrl": "https://cdn2.unrealengine.com/c5s3-download-keyart-1920x1080-f10cd00cc9ad.jpg",
  "CustomCurve": [
    {
      "X": 0,
      "Y": 200
    },
    {
      "X": 100,
      "Y": 134
    },
    {
      "X": 200,
      "Y": 74
    },
    {
      "X": 300,
      "Y": 0
    }
  ],
  "HorizontalSensitivity": 400,
  "VerticalSensitivity": 400,
  "Deadzone": 245,
  "DeadzoneMin": 0,
  "MouseFilterChecked": true,
  "EnableTray": false,
  "EnableNotifications": false,
  "EnableCustomCurve": false,
  "InputBlocker": false,
  "KeyTriggerMappings": {
    "RightTrigger": [
      "LeftButton"
    ],
    "LeftTrigger": [
      "RightButton"
    ]
  },
  "KeyMappings": {
    "A": [
      "Space"
    ],
    "X": [
      "R"
    ],
    "Y": [],
    "B": [
      "C"
    ],
    "RightShoulder": [
      "ScrollDown",
      "ExtraButton1"
    ],
    "RightThumb": [],
    "LeftShoulder": [
      "ScrollUp",
      "ExtraButton2"
    ],
    "LeftThumb": [
      "LeftShift"
    ],
    "Start": [],
    "Back": []
  },
  "KeyDirectionMappings": {
    "Up": [],
    "Down": [],
    "Left": [
      "MiddleButton"
    ],
    "Right": []
  },
  "KeyFunctionsMappings": {
    "EnableDisable": [
      "Insert"
    ],
    "HighSense": [],
    "AutoPressAndRelease": [],
    "AutoPing": [],
    "RapidFire": [],
    "\u0093.\u0089\u0097": [
      "F6"
    ],
    "StrafeKeys": []
  },
  "KeyL3Mappings": {
    "LUp": [
      "W"
    ],
    "LLeft": [
      "A"
    ],
    "LRight": [
      "D"
    ],
    "LDown": [
      "S"
    ]
  },
  "KeyR3Mappings": {
    "RUp": [],
    "RLeft": [],
    "RRight": [],
    "RDown": []
  },
  "Macros": [
    {
      "Name": "ROTATIONAL_AIM_RIGHT",
      "Key": "RightButton",
      "Script": "LOOP(SILENT) IF(L3_X_CLEAR,TRUE) SET(JLX,30000) WAIT(40) IF(L3_X_CLEAR,TRUE) SET(JLX,-30000) WAIT(40) / !LOOP(SILENT) SET(JLX,0)",
      "IsEnabled": true
    },
    {
      "Name": "ROTATIONAL_AIM_LEFT",
      "Key": "LeftButton",
      "Script": "LOOP(SILENT) IF(L3_X_CLEAR,TRUE) SET(JLX,30000) WAIT(40) IF(L3_X_CLEAR,TRUE) SET(JLX,-30000) WAIT(40) / !LOOP(SILENT) SET(JLX,0)",
      "IsEnabled": true
    },
    {
      "Name": "ANTI_RECOIL",
      "Key": "LeftButton",
      "Script": "ANTI_RECOIL(12)",
      "IsEnabled": true
    },
    {
      "Name": "RESET_ALL ",
      "Key": "Delete",
      "Script": "RESET_CONTROLLER(TRUE) RESET_KEYBOARD(TRUE)",
      "IsEnabled": true
    }
  ]
}