{
  "Title": "MW3 - Warzone",
  "ImageUrl": "https://pt.egamersworld.com/_next/image?url=https%3A%2F%2Fegamersworld.com%2Fuploads%2Fblog%2F1695194939372.jpg\u0026w=1920\u0026q=75",
  "CustomCurve": [
    {
      "X": 0,
      "Y": 200
    },
    {
      "X": 100,
      "Y": 134
    },
    {
      "X": 200,
      "Y": 70
    },
    {
      "X": 300,
      "Y": 0
    }
  ],
  "HorizontalSensitivity": 350,
  "VerticalSensitivity": 350,
  "Deadzone": 225,
  "DeadzoneMin": 0,
  "MouseFilterChecked": true,
  "EnableTray": false,
  "EnableNotifications": false,
  "EnableCustomCurve": false,
  "InputBlocker": false,
  "KeyTriggerMappings": {
    "RightTrigger": [
      "LeftButton"
    ],
    "LeftTrigger": [
      "RightButton"
    ]
  },
  "KeyMappings": {
    "A": [
      "Space"
    ],
    "X": [
      "F"
    ],
    "Y": [
      "One",
      "Two",
      "ScrollUp",
      "ScrollDown"
    ],
    "B": [
      "C"
    ],
    "RightShoulder": [
      "E",
      "X"
    ],
    "RightThumb": [
      "V"
    ],
    "LeftShoulder": [
      "Q",
      "X"
    ],
    "LeftThumb": [
      "LeftShift"
    ],
    "Start": [
      "Escape"
    ],
    "Back": [
      "M"
    ]
  },
  "KeyDirectionMappings": {
    "Up": [
      "MiddleButton"
    ],
    "Down": [
      "Tab"
    ],
    "Left": [
      "B"
    ],
    "Right": [
      "Three"
    ]
  },
  "KeyFunctionsMappings": {
    "EnableDisable": [
      "Insert"
    ],
    "HighSense": [],
    "AutoPressAndRelease": [],
    "AutoPing": [],
    "RapidFire": [],
    "StrafeKeys": []
  },
  "KeyL3Mappings": {
    "LUp": [
      "W"
    ],
    "LLeft": [
      "A"
    ],
    "LRight": [
      "D"
    ],
    "LDown": [
      "S"
    ]
  },
  "KeyR3Mappings": {
    "RUp": [
      "Up"
    ],
    "RLeft": [
      "Numpad4"
    ],
    "RRight": [
      "Numpad6"
    ],
    "RDown": [
      "Down"
    ]
  },
  "Macros": [
    {
      "Name": "SILENT_AIM",
      "Key": "Insert",
      "Script": "LOOP(SILENT) IF(R3_Y_CLEAR,TRUE) SET(JRY,-2000) WAIT(10) IF(R3_Y_CLEAR,TRUE) SET(JRY,2000) WAIT(10)",
      "IsEnabled": true
    },
    {
      "Name": "AIM_COLOR",
      "Key": "RightButton",
      "Script": "AIM_COLOR(TRUE) VAR(IS_AIMING,TRUE) COLOR(D720CD) FOV(300) SMOOTH(2) TOLERANCE(60) POS_X(3) POS_Y(-8) / AIM_COLOR(FALSE)",
      "IsEnabled": false
    },
    {
      "Name": "WASD_PARACHUTE",
      "Key": "Alt",
      "Script": "INVERTED_AXIS(TRUE) / INVERTED_AXIS(FALSE)",
      "IsEnabled": false
    },
    {
      "Name": "PARACHUTE",
      "Key": "Alt",
      "Script": "MULTIPLIER(100) HIGH_SENSE(TRUE) / HIGH_SENSE(FALSE)",
      "IsEnabled": true
    },
    {
      "Name": "ANTI_RECOIL",
      "Key": "LeftButton",
      "Script": "ANTI_RECOIL(0)",
      "IsEnabled": true
    },
    {
      "Name": "RAPIDFIRE",
      "Key": "LeftButton",
      "Script": "LOOP(RPF) SET(RT,255) WAIT(10) SET(RT,0) WAIT(10) / !LOOP(RPF)",
      "IsEnabled": false
    },
    {
      "Name": "TOOGLE_RAPID_FIRE",
      "Key": "F7",
      "Script": "TOOGLE(RAPIDFIRE)",
      "IsEnabled": true
    },
    {
      "Name": "AUTO_PING",
      "Key": "LeftButton",
      "Script": "LOOP(AUTOPING) DOWN(UP) WAIT(100) UP(UP) WAIT(1000) / !LOOP(AUTOPING)",
      "IsEnabled": false
    },
    {
      "Name": "TOOGLE_AUTO_PING",
      "Key": "F6",
      "Script": "TOOGLE(AUTO_PING)",
      "IsEnabled": true
    },
    {
      "Name": "AUTO_PRESS_R",
      "Key": "R",
      "Script": "DOWN(X) / DOWN(X) WAIT(400) UP(X)",
      "IsEnabled": true
    },
    {
      "Name": "AUTO_PRESS_Four",
      "Key": "Four",
      "Script": "DOWN(Y) / DOWN(Y) WAIT(400) UP(Y)",
      "IsEnabled": true
    },
    {
      "Name": "AUTO_PRESS_G",
      "Key": "G",
      "Script": "DOWN(Y) / DOWN(Y) WAIT(400) UP(Y)",
      "IsEnabled": true
    },
    {
      "Name": "AUTO_PRESS_Control",
      "Key": "Control",
      "Script": "DOWN(B) / DOWN(B) WAIT(400) UP(B)",
      "IsEnabled": true
    },
    {
      "Name": "RESET_ALL",
      "Key": "Insert",
      "Script": "RESET_CONTROLLER(TRUE) RESET_KEYBOARD(TRUE)",
      "IsEnabled": true
    },
    {
      "Name": "ROTATIONAL_AIM _COD_RIGHT",
      "Key": "RightButton",
      "Script": "LOOP(ROTATIONAL) IF(L3_CLEAR,TRUE) SET(JLX,20688) WAIT(5) SET(JLX,-20689) WAIT(5) / !LOOP(ROTATIONAL) SET(JLX,0)",
      "IsEnabled": false
    },
    {
      "Name": "ROTATIONAL_AIM _COD_LEFT",
      "Key": "LeftButton",
      "Script": "LOOP(ROTATIONAL) IF(L3_CLEAR,TRUE) SET(JLX,20688) WAIT(5) SET(JLX,-20689) WAIT(5) / !LOOP(ROTATIONAL) SET(JLX,0)",
      "IsEnabled": false
    }
  ]
}