{
  "SelectedControllerIndex": -1,
  "Title": "XBOX",
  "ImageUrl": "https://wallpaperaccess.com/full/4446009.jpg",
  "ControllerType": "DS4",
  "CustomCurve": [
    {
      "X": 0,
      "Y": 200
    },
    {
      "X": 100,
      "Y": 134
    },
    {
      "X": 200,
      "Y": 70
    },
    {
      "X": 300,
      "Y": 0
    }
  ],
  "HorizontalSensitivity": 350,
  "VerticalSensitivity": 350,
  "Deadzone": 225,
  "DeadzoneMin": 0,
  "MouseFilterChecked": true,
  "EnableTray": false,
  "EnableNotifications": false,
  "EnableHidHide": false,
  "EnableCustomCurve": false,
  "InputBlocker": false,
  "KeyTriggerMappings": {
    "RightTrigger": [
      "ButtonRightTrigger"
    ],
    "LeftTrigger": [
      "ButtonLeftTrigger"
    ]
  },
  "KeyMappings": {
    "A": [
      "ButtonA"
    ],
    "X": [
      "ButtonX"
    ],
    "Y": [
      "ButtonY"
    ],
    "B": [
      "ButtonB"
    ],
    "RightShoulder": [
      "ButtonRightShoulder"
    ],
    "RightThumb": [
      "ButtonRightThumb"
    ],
    "LeftShoulder": [
      "ButtonLeftShoulder"
    ],
    "LeftThumb": [
      "ButtonLeftThumb"
    ],
    "Start": [
      "ButtonStart"
    ],
    "Back": [
      "ButtonBack"
    ]
  },
  "KeyDirectionMappings": {
    "Up": [
      "ButtonDPadUp"
    ],
    "Down": [
      "ButtonDPadDown"
    ],
    "Left": [
      "ButtonDPadLeft"
    ],
    "Right": [
      "ButtonDPadRight"
    ]
  },
  "KeyFunctionsMappings": {
    "EnableDisable": ["_"]
  },
  "KeyL3Mappings": {
    "LUp": [],
    "LLeft": [],
    "LRight": [],
    "LDown": []
  },
  "KeyR3Mappings": {
    "RUp": [],
    "RLeft": [],
    "RRight": [],
    "RDown": []
  },
  "Macros": [
    {
      "Name": "SILENT_AIM_CONTROLLER",
      "Key": "ButtonRightTrigger",
      "Script": "LOOP(SILENT) IF(R3_Y_CLEAR,TRUE) SET(JRY,-2000) WAIT(15) IF(R3_Y_CLEAR,TRUE) SET(JRY,2000) WAIT(10)",
      "IsEnabled": true,
      "isHidden": false
    },
    {
      "Name": "AIM_COLOR",
      "Key": "ButtonLeftTrigger",
      "Script": "AIM_COLOR(TRUE) VAR(IS_AIMING,TRUE) COLOR(D720CD) FOV(200) SMOOTH(7) TOLERANCE(70) POS_X(0) POS_Y(0) / AIM_COLOR(FALSE)",
      "IsEnabled": false,
      "isHidden": false
    },
    {
      "Name": "ANTI_RECOIL",
      "Key": "ButtonRightTrigger",
      "Script": "LOOP(RECOIL) IF(R3_Y_CLEAR_POSITIVE,TRUE) SET(JRY,-6000) WAIT(5) / !LOOP(RECOIL) SET(JRY,0)",
      "IsEnabled": true,
      "isHidden": false
    },
    {
      "Name": "RAPIDFIRE",
      "Key": "ButtonRightTrigger",
      "Script": "LOOP(RPF) SET(RT,255) WAIT(10) SET(RT,0) WAIT(10) / !LOOP(RPF)",
      "IsEnabled": false,
      "isHidden": false
    },
    {
      "Name": "AUTO_PING",
      "Key": "ButtonRightTrigger",
      "Script": "LOOP(AUTOPING) DOWN(UP) WAIT(100) UP(UP) WAIT(1000) / !LOOP(AUTOPING)",
      "IsEnabled": true,
      "isHidden": false
    },
    {
      "Name": "RESET_ALL",
      "Key": "ButtonBack",
      "Script": "RESET_CONTROLLER(TRUE) RESET_KEYBOARD(TRUE) RESET_MOUSE(TRUE)",
      "IsEnabled": true,
      "isHidden": true
    },
    {
      "Name": "DISABLE_SILENT_AIM",
      "Key": "ButtonStart",
      "Script": "WAIT(10) !LOOP(SILENT) / SET(JRY,0)  !LOOP(SILENT)",
      "IsEnabled": true,
      "isHidden": false
    }
  ]
}