{
  "Title": "XDefiant",
  "ImageUrl": "https://staticctf.ubisoft.com/J3yJr34U2pZ2Ieem48Dwy9uqj5PNUQTn/1dfrcGrjQcqWUFq2EWxJX2/faa33a06bd56c4e4f496f2b574ce11a1/CBHeader.jpg",
  "ControllerType": "360",
  "AnimatedBackground": false,
  "CrosshairPath": "M25.4108 24.5892V1.23955e-06H24.5886V24.5892H0V25.4114H24.5886V50H25.4108V25.4114H50V24.5892H25.4108Z",
  "CrosshairEnabled": false,
  "CrosshairSize": 50,
  "CrosshairColor": "#57FA37",
  "HorizontalSensitivity": 400,
  "VerticalSensitivity": 400,
  "AntiRecoil": 0,
  "Deadzone": 245,
  "DeadzoneMin": 0,
  "SensiMultiplier": 100,
  "BuffedAimChecked": true,
  "BuffedAimHipfireChecked": false,
  "AutoPingChecked": false,
  "MouseFilterChecked": true,
  "RapidFireChecked": false,
  "RapidFireInterval": 10,
  "AutoPingInterval": 1000,
  "AutoStrafeInterval": 10,
  "AutoStrafePower": 172,
  "EnableOverlay": false,
  "EnableTray": false,
  "InputBlocker": false,
  "KeyTriggerMappings": {
    "RightTrigger": [
      "LeftButton"
    ],
    "LeftTrigger": [
      "RightButton"
    ]
  },
  "KeyMappings": {
    "A": [
      "Space"
    ],
    "X": [
      "F",
      "R"
    ],
    "Y": [
      "G",
      "One",
      "Two",
      "ScrollUp",
      "ScrollDown"
    ],
    "B": [
      "C",
      "Control"
    ],
    "RightShoulder": [
      "E",
      "X"
    ],
    "RightThumb": [
      "MiddleButton"
    ],
    "LeftShoulder": [
      "Q",
      "X"
    ],
    "LeftThumb": [
      "LeftShift"
    ],
    "Start": [
      "Escape"
    ],
    "Back": [
      "M"
    ]
  },
  "KeyDirectionMappings": {
    "Up": [],
    "Down": [],
    "Left": [
      "V"
    ],
    "Right": [
      "B"
    ]
  },
  "KeyFunctionsMappings": {
    "EnableDisable": [
      "Insert"
    ],
    "HighSense": [],
    "AutoPressAndRelease": [],
    "AutoPing": [],
    "RapidFire": [],
    "StrafeKeys": [],
    "\u0093.\u0089\u0097": [
      "F6"
    ]
  },
  "KeyL3Mappings": {
    "LUp": [
      "W"
    ],
    "LLeft": [
      "A"
    ],
    "LRight": [
      "D"
    ],
    "LDown": [
      "S"
    ]
  },
  "KeyR3Mappings": {
    "RUp": [
      "Up"
    ],
    "RLeft": [
      "Numpad4"
    ],
    "RRight": [
      "Numpad6"
    ],
    "RDown": [
      "Down"
    ]
  },
  "Macros": [
    {
      "Name": "SILENT_AIM_RIGHT",
      "Key": "RightButton",
      "Script": "LOOP(SILENT) IF(R3_Y_CLEAR,TRUE) SET(JRY,-1800) WAIT(10) IF(R3_Y_CLEAR,TRUE) SET(JRY,1800) WAIT(10)",
      "IsEnabled": true
    },
    {
      "Name": "ROTATIONAL_AIM_RIGHT",
      "Key": "RightButton",
      "Script": "LOOP(ROTATIONAL) IF(L3_X_CLEAR,TRUE) SET(JLX,20000) WAIT(40) IF(L3_X_CLEAR,TRUE) SET(JLX,-20000) WAIT(40) / !LOOP(ROTATIONAL) SET(JLX,0)",
      "IsEnabled": true
    },
    {
      "Name": "SILENT_AIM_LEFT",
      "Key": "LeftButton",
      "Script": "LOOP(SILENT) IF(R3_Y_CLEAR,TRUE) SET(JRY,-1800) WAIT(10) IF(R3_Y_CLEAR,TRUE) SET(JRY,1800) WAIT(10)",
      "IsEnabled": true
    },
    {
      "Name": "ROTATIONAL_AIM_LEFT",
      "Key": "LeftButton",
      "Script": "LOOP(ROTATIONAL) IF(L3_X_CLEAR,TRUE) SET(JLX,20000) WAIT(40) IF(L3_X_CLEAR,TRUE) SET(JLX,-20000) WAIT(40) / !LOOP(ROTATIONAL) SET(JLX,0)",
      "IsEnabled": true
    }
  ]
}